{
    "10_weekday": {
        "uber": 1.0458777765780862,
        "bolt": 1.0713291989535603,
        "freenow": 1.0413970267821422
    },
    "11_weekday": {
        "uber": 1.0786635431047427,
        "bolt": 1.060853823807459,
        "freenow": 1.0127528905298055
    }
}
