{
    "7_weekday": {
        "uber": 0.9449853560056773,
        "bolt": 0.978871603507683,
        "freenow": 0.9213788916333722
    },  
    "10_weekday": {
        "uber": 1.0458777765780862,
        "bolt": 1.0713291989535603,
        "freenow": 1.0413970267821422
    },
    "11_weekday": {
        "uber": 0.9117165242044211,
        "bolt": 0.9741794871226288,
        "freenow": 0.982624247513936
    },
    "12_weekday": {
        "uber": 1.0865243110886638,
        "bolt": 1.060493684210887,
        "freenow": 1.0
    },
    "13_weekday": {
        "uber": 1.0005820375093544,
        "bolt": 1.018836109062672,
        "freenow": 1.0
    },
    "14_weekday": {
        "uber":1.0752863938051413,
        "bolt":1.1293658805989852,
        "freenow":1.0587333193668076
    },
    "15_weekday": {
        "uber": 1.1191728262080374,
        "bolt": 1.1342920817037512,
        "freenow": 1.05607104427442
    },
    "18_weekday": {
        "uber":1.0278579189100512,
        "bolt":1.013507371863853,
        "freenow":1
    },
    "19_weekday": {
        "uber": 1.0278579189100512,
        "bolt": 1.0099548803979737,
        "freenow": 1.0
    },
    "22_weekday": {
        "uber": 0.9873822818124389,
        "bolt": 0.9782451621321766,
        "freenow": 0.979695408711714
    }
}
