{
    "10_weekday": {
        "uber": 1.0458777765780862,
        "bolt": 1.0713291989535603,
        "freenow": 1.0413970267821422
    },
    "11_weekday": {
        "uber": 1.1028122842042485,
        "bolt": 1.0762095322217402,
        "freenow": 1.0127528905298055
    },
    "12_weekday": {
        "uber": 1.0865243110886638,
        "bolt": 1.060493684210887,
        "freenow": 1.0
    },
    "13_weekday": {
        "uber": 1.0005820375093544,
        "bolt": 1.018836109062672,
        "freenow": 1.0
    }
}
