{
    "7_weekday": {
        "uber": 0.9449853560056773,
        "bolt": 0.978871603507683,
        "freenow": 0.9213788916333722
    },  
    "10_weekday": {
        "uber": 1.0458777765780862,
        "bolt": 1.0713291989535603,
        "freenow": 1.0413970267821422
    },
    "11_weekday": {
        "uber": 0.9825984253692956,
        "bolt": 0.8525512530035367,
        "freenow": 0.982624247513936
    },
    "12_weekday": {
        "uber": 1.019142323320746,
        "bolt": 1.060493684210887,
        "freenow": 1.0191542805582836
    },
    "13_weekday": {
        "uber": 1.0005820375093544,
        "bolt": 1.0320213854065425,
        "freenow": 1.0
    },
    "14_weekday": {
        "uber":1.0752863938051413,
        "bolt":1.1293658805989852,
        "freenow":1.0587333193668076
    },
    "15_weekday": {
        "uber": 1.1892035195212092,
        "bolt": 1.2906933992932315,
        "freenow": 1.05607104427442
    },
    "17_weekday": {
        "uber": 1,
        "bolt": 1.0352245522941714,
        "freenow": 0.9015442828997702    
    },
    "18_weekday": {
        "uber":0.9853747428274399,
        "bolt":1.013507371863853,
        "freenow":1
    },
    "19_weekday": {
        "uber": 0.982246077102865,
        "bolt": 1.018836109062672,
        "freenow": 1.0
    },
    "22_weekday": {
        "uber": 0.9873822818124389,
        "bolt": 0.9782451621321766,
        "freenow": 0.979695408711714
    }
}
