{
    "10_weekday": {
        "uber": 1.0458777765780862,
        "bolt": 1.0713291989535603,
        "freenow": 1.0413970267821422
    }
}
