{
    "10_weekday": {
        "uber": 1.0644641630993434,
        "bolt": 1.0734647411397233,
        "freenow": 1.0413970267821422
    }
}
