{
    "10_weekday": {
        "uber": 1.0458777765780862,
        "bolt": 1.0713291989535603,
        "freenow": 1.0413970267821422
    },
    "11_weekday": {
        "uber": 1.1028122842042485,
        "bolt": 1.0762095322217402,
        "freenow": 1.0127528905298055
    },
    "12_weekday": {
        "uber": 1.061114291772508,
        "bolt": 1.033611855556519,
        "freenow": 1.0
    }
}
